{
  "wgs84_bounds": [
    10.944405196418861,
    49.379838202018895,
    11.206967294299744,
    49.51995679167659
  ],
  "classes": [
    "tree_cover",
    "grassland",
    "cropland",
    "built_up",
    "bare_sparse",
    "water"
  ],
  "years": [
    2020,
    2021
  ],
  "resolutions": {
    "res1": {
      "width": 1860,
      "height": 1610
    },
    "res2": {
      "width": 930,
      "height": 805
    },
    "res3": {
      "width": 620,
      "height": 537
    },
    "res4": {
      "width": 465,
      "height": 403
    },
    "res5": {
      "width": 372,
      "height": 322
    },
    "res6": {
      "width": 310,
      "height": 269
    },
    "res7": {
      "width": 266,
      "height": 230
    },
    "res8": {
      "width": 233,
      "height": 202
    },
    "res9": {
      "width": 207,
      "height": 179
    },
    "res10": {
      "width": 186,
      "height": 161
    }
  }
}